{
  "dur": 0.08980716829860241,
  "proto": "udp",
  "service": "snmp",
  "state": "PAR",
  "spkts": 143,
  "dpkts": 40,
  "sbytes": 7423,
  "dbytes": 3006,
  "rate": 28.20329294963637,
  "sttl": 118,
  "dttl": 2,
  "sload": 0.467301173677975,
  "dload": 0.029898610791327884,
  "sloss": 8,
  "dloss": 5,
  "sinpkt": 0.30586258226048146,
  "dinpkt": 0.11794212327655862,
  "sjit": 1.9121257120509472,
  "djit": 0.9271197968264777,
  "swin": 45002,
  "stcpb": 8207883,
  "dtcpb": 2602028,
  "dwin": 10668,
  "tcprtt": 1.3339779756214734,
  "synack": 1.8019296731238907,
  "ackdat": 0.03790249960409131,
  "smean": 91,
  "dmean": 565,
  "trans_depth": 5,
  "response_body_len": 784,
  "ct_srv_src": 41,
  "ct_state_ttl": 25,
  "ct_dst_ltm": 35,
  "ct_src_dport_ltm": 48,
  "ct_dst_sport_ltm": 17,
  "ct_dst_src_ltm": 49,
  "is_ftp_login": 0,
  "ct_ftp_cmd": 0,
  "ct_flw_http_mthd": 1,
  "ct_src_ltm": 29,
  "ct_srv_dst": 41,
  "is_sm_ips_ports": 1
}